country,year,cpi
afg,2005,2.5
afg,2007,1.8
afg,2008,1.5
afg,2009,1.3
afg,2010,1.4
afg,2011,1.517093
afg,2012,8.0
afg,2013,8.0
afg,2014,12.0
afg,2015,11.0
afg,2016,15.0
afg,2017,15.0
ago,2000,1.7
ago,2002,1.7
ago,2003,1.8
ago,2004,2.0
ago,2005,2.0
ago,2006,2.2
ago,2007,2.2
ago,2008,1.9
ago,2009,1.9
ago,2010,1.9
ago,2011,2.005035
ago,2012,22.0
ago,2013,23.0
ago,2014,19.0
ago,2015,15.0
ago,2016,18.0
ago,2017,19.0
alb,1999,2.3
alb,2002,2.5
alb,2003,2.5
alb,2004,2.5
alb,2005,2.4
alb,2006,2.6
alb,2007,2.9
alb,2008,3.4
alb,2009,3.2
alb,2010,3.3
alb,2011,3.052946
alb,2012,33.0
alb,2013,31.0
alb,2014,33.0
alb,2015,36.0
alb,2016,39.0
alb,2017,38.0
are,2003,5.2
are,2004,6.1
are,2005,6.2
are,2006,6.2
are,2007,5.7
are,2008,5.9
are,2009,6.5
are,2010,6.3
are,2011,6.822888
are,2012,68.0
are,2013,69.0
are,2014,70.0
are,2015,70.0
are,2016,66.0
are,2017,71.0
arg,1995,5.24
arg,1996,3.41
arg,1997,2.81
arg,1998,3.0
arg,1999,3.0
arg,2000,3.5
arg,2001,3.5
arg,2002,2.8
arg,2003,2.5
arg,2004,2.5
arg,2005,2.8
arg,2006,2.9
arg,2007,2.9
arg,2008,2.9
arg,2009,2.9
arg,2010,2.9
arg,2011,2.996074
arg,2012,35.0
arg,2013,34.0
arg,2014,34.0
arg,2015,32.0
arg,2016,36.0
arg,2017,39.0
arm,1999,2.5
arm,2000,2.5
arm,2003,3.0
arm,2004,3.1
arm,2005,2.9
arm,2006,2.9
arm,2007,3.0
arm,2008,2.9
arm,2009,2.7
arm,2010,2.6
arm,2011,2.628996
arm,2012,34.0
arm,2013,36.0
arm,2014,37.0
arm,2015,35.0
arm,2016,33.0
arm,2017,35.0
aus,1995,8.8
aus,1996,8.6
aus,1997,8.86
aus,1998,8.7
aus,1999,8.7
aus,2000,8.3
aus,2001,8.5
aus,2002,8.6
aus,2003,8.8
aus,2004,8.8
aus,2005,8.8
aus,2006,8.7
aus,2007,8.6
aus,2008,8.7
aus,2009,8.7
aus,2010,8.7
aus,2011,8.844156
aus,2012,85.0
aus,2013,81.0
aus,2014,80.0
aus,2015,79.0
aus,2016,79.0
aus,2017,77.0
aut,1995,7.13
aut,1996,7.59
aut,1997,7.61
aut,1998,7.5
aut,1999,7.6
aut,2000,7.7
aut,2001,7.8
aut,2002,7.8
aut,2003,8.0
aut,2004,8.4
aut,2005,8.7
aut,2006,8.6
aut,2007,8.1
aut,2008,8.1
aut,2009,7.9
aut,2010,7.9
aut,2011,7.786903
aut,2012,69.0
aut,2013,69.0
aut,2014,72.0
aut,2015,76.0
aut,2016,75.0
aut,2017,75.0
aze,1999,1.7
aze,2000,1.5
aze,2001,2.0
aze,2002,2.0
aze,2003,1.8
aze,2004,1.9
aze,2005,2.2
aze,2006,2.4
aze,2007,2.1
aze,2008,1.9
aze,2009,2.3
aze,2010,2.4
aze,2011,2.375235
aze,2012,27.0
aze,2013,28.0
aze,2014,29.0
aze,2015,29.0
aze,2016,30.0
aze,2017,31.0
bdi,2005,2.3
bdi,2006,2.4
bdi,2007,2.5
bdi,2008,1.9
bdi,2009,1.8
bdi,2010,1.8
bdi,2011,1.935236
bdi,2012,19.0
bdi,2013,21.0
bdi,2014,20.0
bdi,2015,21.0
bdi,2016,20.0
bdi,2017,22.0
bel,1996,6.84
bel,1997,5.25
bel,1998,5.4
bel,1999,5.3
bel,2000,6.1
bel,2001,6.6
bel,2002,7.1
bel,2003,7.6
bel,2004,7.5
bel,2005,7.4
bel,2006,7.3
bel,2007,7.1
bel,2008,7.3
bel,2009,7.1
bel,2010,7.1
bel,2011,7.487431
bel,2012,75.0
bel,2013,75.0
bel,2014,76.0
bel,2015,77.0
bel,2016,77.0
bel,2017,75.0
ben,2004,3.2
ben,2005,2.9
ben,2006,2.5
ben,2007,2.7
ben,2008,3.1
ben,2009,2.9
ben,2010,2.8
ben,2011,2.96985
ben,2012,36.0
ben,2013,36.0
ben,2014,39.0
ben,2015,37.0
ben,2016,36.0
ben,2017,39.0
bfa,2000,3.0
bfa,2005,3.4
bfa,2006,3.2
bfa,2007,2.9
bfa,2008,3.5
bfa,2009,3.6
bfa,2010,3.1
bfa,2011,3.046324
bfa,2012,38.0
bfa,2013,38.0
bfa,2014,38.0
bfa,2015,38.0
bfa,2016,42.0
bfa,2017,42.0
bgd,1996,2.29
bgd,2001,0.4
bgd,2002,1.2
bgd,2003,1.3
bgd,2004,1.5
bgd,2005,1.7
bgd,2006,2.0
bgd,2007,2.0
bgd,2008,2.1
bgd,2009,2.4
bgd,2010,2.4
bgd,2011,2.656912
bgd,2012,26.0
bgd,2013,27.0
bgd,2014,25.0
bgd,2015,25.0
bgd,2016,26.0
bgd,2017,28.0
bgr,1998,2.9
bgr,1999,3.3
bgr,2000,3.5
bgr,2001,3.9
bgr,2002,4.0
bgr,2003,3.9
bgr,2004,4.1
bgr,2005,4.0
bgr,2006,4.0
bgr,2007,4.1
bgr,2008,3.6
bgr,2009,3.8
bgr,2010,3.6
bgr,2011,3.328966
bgr,2012,41.0
bgr,2013,41.0
bgr,2014,43.0
bgr,2015,41.0
bgr,2016,41.0
bgr,2017,43.0
bhr,2003,6.1
bhr,2004,5.8
bhr,2005,5.8
bhr,2006,5.7
bhr,2007,5.0
bhr,2008,5.4
bhr,2009,5.1
bhr,2010,4.9
bhr,2011,5.109879
bhr,2012,51.0
bhr,2013,48.0
bhr,2014,49.0
bhr,2015,51.0
bhr,2016,43.0
bhr,2017,36.0
bhs,2011,7.289454
bhs,2012,71.0
bhs,2013,71.0
bhs,2014,71.0
bhs,2016,66.0
bhs,2017,65.0
bih,2003,3.3
bih,2004,3.1
bih,2005,2.9
bih,2006,2.9
bih,2007,3.3
bih,2008,3.2
bih,2009,3.0
bih,2010,3.2
bih,2011,3.207211
bih,2012,42.0
bih,2013,42.0
bih,2014,39.0
bih,2015,38.0
bih,2016,39.0
bih,2017,38.0
blr,1998,3.9
blr,1999,3.4
blr,2000,4.1
blr,2002,4.8
blr,2003,4.2
blr,2004,3.3
blr,2005,2.6
blr,2006,2.1
blr,2007,2.1
blr,2008,2.0
blr,2009,2.4
blr,2010,2.5
blr,2011,2.418323
blr,2012,31.0
blr,2013,29.0
blr,2014,31.0
blr,2015,32.0
blr,2016,40.0
blr,2017,44.0
blz,2003,4.5
blz,2004,3.8
blz,2005,3.7
blz,2006,3.5
blz,2007,3.0
blz,2008,2.9
bol,1996,3.4
bol,1997,2.05
bol,1998,2.8
bol,1999,2.5
bol,2000,2.7
bol,2001,2.0
bol,2002,2.2
bol,2003,2.3
bol,2004,2.2
bol,2005,2.5
bol,2006,2.7
bol,2007,2.9
bol,2008,3.0
bol,2009,2.7
bol,2010,2.8
bol,2011,2.763231
bol,2012,34.0
bol,2013,34.0
bol,2014,35.0
bol,2015,34.0
bol,2016,33.0
bol,2017,33.0
bra,1995,2.7
bra,1996,2.96
bra,1997,3.56
bra,1998,4.0
bra,1999,4.1
bra,2000,3.9
bra,2001,4.0
bra,2002,4.0
bra,2003,3.9
bra,2004,3.9
bra,2005,3.7
bra,2006,3.3
bra,2007,3.5
bra,2008,3.5
bra,2009,3.7
bra,2010,3.7
bra,2011,3.77411
bra,2012,43.0
bra,2013,42.0
bra,2014,43.0
bra,2015,38.0
bra,2016,40.0
bra,2017,37.0
brb,2004,7.3
brb,2005,6.9
brb,2006,6.7
brb,2007,6.9
brb,2008,7.0
brb,2009,7.4
brb,2010,7.8
brb,2011,7.773902
brb,2012,76.0
brb,2013,75.0
brb,2014,74.0
brb,2016,61.0
brb,2017,68.0
brn,2009,5.5
brn,2010,5.5
brn,2011,5.207397
brn,2012,55.0
brn,2013,60.0
brn,2016,58.0
brn,2017,62.0
btn,2006,6.0
btn,2007,5.0
btn,2008,5.2
btn,2009,5.0
btn,2010,5.7
btn,2011,5.742364
btn,2012,63.0
btn,2013,63.0
btn,2014,65.0
btn,2015,65.0
btn,2016,65.0
btn,2017,67.0
bwa,1998,6.1
bwa,1999,6.1
bwa,2000,6.0
bwa,2001,6.0
bwa,2002,6.4
bwa,2003,5.7
bwa,2004,6.0
bwa,2005,5.9
bwa,2006,5.6
bwa,2007,5.4
bwa,2008,5.8
bwa,2009,5.6
bwa,2010,5.8
bwa,2011,6.077882
bwa,2012,65.0
bwa,2013,64.0
bwa,2014,63.0
bwa,2015,63.0
bwa,2016,60.0
bwa,2017,61.0
caf,2006,2.4
caf,2007,2.0
caf,2008,2.0
caf,2009,2.0
caf,2010,2.1
caf,2011,2.210424
caf,2012,26.0
caf,2013,25.0
caf,2014,24.0
caf,2015,24.0
caf,2016,20.0
caf,2017,23.0
can,1995,8.87
can,1996,8.96
can,1997,9.1
can,1998,9.2
can,1999,9.2
can,2000,9.2
can,2001,8.9
can,2002,9.0
can,2003,8.7
can,2004,8.5
can,2005,8.4
can,2006,8.5
can,2007,8.7
can,2008,8.7
can,2009,8.7
can,2010,8.9
can,2011,8.672457
can,2012,84.0
can,2013,81.0
can,2014,81.0
can,2015,83.0
can,2016,82.0
can,2017,82.0
che,1995,8.76
che,1996,8.76
che,1997,8.61
che,1998,8.9
che,1999,8.9
che,2000,8.6
che,2001,8.4
che,2002,8.5
che,2003,8.8
che,2004,9.1
che,2005,9.1
che,2006,9.1
che,2007,9.0
che,2008,9.0
che,2009,9.0
che,2010,8.7
che,2011,8.801674
che,2012,86.0
che,2013,85.0
che,2014,86.0
che,2015,86.0
che,2016,86.0
che,2017,85.0
chl,1995,7.94
chl,1996,6.8
chl,1997,6.05
chl,1998,6.8
chl,1999,6.9
chl,2000,7.4
chl,2001,7.5
chl,2002,7.5
chl,2003,7.4
chl,2004,7.4
chl,2005,7.3
chl,2006,7.3
chl,2007,7.0
chl,2008,6.9
chl,2009,6.7
chl,2010,7.2
chl,2011,7.213856
chl,2012,72.0
chl,2013,71.0
chl,2014,73.0
chl,2015,70.0
chl,2016,66.0
chl,2017,67.0
chn,1995,2.16
chn,1996,2.43
chn,1997,2.88
chn,1998,3.5
chn,1999,3.4
chn,2000,3.1
chn,2001,3.5
chn,2002,3.5
chn,2003,3.4
chn,2004,3.4
chn,2005,3.2
chn,2006,3.3
chn,2007,3.5
chn,2008,3.6
chn,2009,3.6
chn,2010,3.5
chn,2011,3.635573
chn,2012,39.0
chn,2013,40.0
chn,2014,36.0
chn,2015,37.0
chn,2016,40.0
chn,2017,41.0
civ,1998,3.1
civ,1999,2.6
civ,2000,2.7
civ,2001,2.4
civ,2002,2.7
civ,2003,2.1
civ,2004,2.0
civ,2005,1.9
civ,2006,2.1
civ,2007,2.1
civ,2008,2.0
civ,2009,2.1
civ,2010,2.2
civ,2011,2.233704
civ,2012,29.0
civ,2013,27.0
civ,2014,32.0
civ,2015,32.0
civ,2016,34.0
civ,2017,36.0
cmr,1996,2.46
cmr,1998,1.4
cmr,1999,1.5
cmr,2000,2.0
cmr,2001,2.0
cmr,2002,2.2
cmr,2003,1.8
cmr,2004,2.1
cmr,2005,2.2
cmr,2006,2.3
cmr,2007,2.4
cmr,2008,2.3
cmr,2009,2.2
cmr,2010,2.2
cmr,2011,2.452247
cmr,2012,26.0
cmr,2013,25.0
cmr,2014,27.0
cmr,2015,27.0
cmr,2016,26.0
cmr,2017,25.0
cod,2004,2.0
cod,2005,2.1
cod,2006,2.0
cod,2007,1.9
cod,2008,1.7
cod,2009,1.9
cod,2010,2
cod,2011,2.021067
cod,2012,21.0
cod,2013,22.0
cod,2014,22.0
cod,2015,22.0
cod,2016,21.0
cod,2017,21.0
cog,2003,2.2
cog,2004,2.3
cog,2005,2.3
cog,2006,2.2
cog,2007,2.1
cog,2008,1.9
cog,2009,1.9
cog,2010,2.1
cog,2011,2.154337
cog,2012,26.0
cog,2013,22.0
cog,2014,23.0
cog,2015,23.0
cog,2016,20.0
cog,2017,21.0
col,1995,3.44
col,1996,2.73
col,1997,2.23
col,1998,2.2
col,1999,2.9
col,2000,3.2
col,2001,3.8
col,2002,3.6
col,2003,3.7
col,2004,3.8
col,2005,4.0
col,2006,3.9
col,2007,3.8
col,2008,3.8
col,2009,3.7
col,2010,3.5
col,2011,3.446674
col,2012,36.0
col,2013,36.0
col,2014,37.0
col,2015,37.0
col,2016,37.0
col,2017,37.0
com,2007,2.6
com,2008,2.5
com,2009,2.3
com,2010,2.1
com,2011,2.410707
com,2012,28.0
com,2013,28.0
com,2014,26.0
com,2015,26.0
com,2016,24.0
com,2017,27.0
cpv,2007,4.9
cpv,2008,5.1
cpv,2009,5.1
cpv,2010,5.1
cpv,2011,5.524542
cpv,2012,60.0
cpv,2013,58.0
cpv,2014,57.0
cpv,2015,55.0
cpv,2016,59.0
cpv,2017,55.0
cri,1997,6.45
cri,1998,5.6
cri,1999,5.1
cri,2000,5.4
cri,2001,4.5
cri,2002,4.5
cri,2003,4.3
cri,2004,4.9
cri,2005,4.2
cri,2006,4.1
cri,2007,5.0
cri,2008,5.1
cri,2009,5.3
cri,2010,5.3
cri,2011,4.798095
cri,2012,54.0
cri,2013,53.0
cri,2014,54.0
cri,2015,55.0
cri,2016,58.0
cri,2017,59.0
cub,2003,4.6
cub,2004,3.7
cub,2005,3.8
cub,2006,3.5
cub,2007,4.2
cub,2008,4.3
cub,2009,4.4
cub,2010,3.7
cub,2011,4.163939
cub,2012,48.0
cub,2013,46.0
cub,2014,46.0
cub,2015,47.0
cub,2016,47.0
cub,2017,47.0
cyp,2003,6.1
cyp,2004,5.4
cyp,2005,5.7
cyp,2006,5.6
cyp,2007,5.3
cyp,2008,6.4
cyp,2009,6.6
cyp,2010,6.3
cyp,2011,6.265644
cyp,2012,66.0
cyp,2013,63.0
cyp,2014,63.0
cyp,2015,61.0
cyp,2016,55.0
cyp,2017,57.0
cze,1996,5.37
cze,1997,5.2
cze,1998,4.8
cze,1999,4.6
cze,2000,4.3
cze,2001,3.9
cze,2002,3.7
cze,2003,3.9
cze,2004,4.2
cze,2005,4.3
cze,2006,4.8
cze,2007,5.2
cze,2008,5.2
cze,2009,4.9
cze,2010,4.6
cze,2011,4.368084
cze,2012,49.0
cze,2013,48.0
cze,2014,51.0
cze,2015,56.0
cze,2016,55.0
cze,2017,57.0
deu,1995,8.14
deu,1996,8.27
deu,1997,8.23
deu,1998,7.9
deu,1999,8.0
deu,2000,7.6
deu,2001,7.4
deu,2002,7.3
deu,2003,7.7
deu,2004,8.2
deu,2005,8.2
deu,2006,8.0
deu,2007,7.8
deu,2008,7.9
deu,2009,8.0
deu,2010,7.9
deu,2011,8.046144
deu,2012,79.0
deu,2013,78.0
deu,2014,79.0
deu,2015,81.0
deu,2016,81.0
deu,2017,81.0
dji,2007,2.9
dji,2008,3.0
dji,2009,2.8
dji,2010,3.2
dji,2011,2.98107
dji,2012,36.0
dji,2013,36.0
dji,2014,34.0
dji,2015,34.0
dji,2016,30.0
dji,2017,31.0
dma,2006,4.5
dma,2007,5.6
dma,2008,6.0
dma,2009,5.9
dma,2010,5.2
dma,2011,5.17456
dma,2012,58.0
dma,2013,58.0
dma,2014,58.0
dma,2016,59.0
dma,2017,57.0
dnk,1995,9.32
dnk,1996,9.33
dnk,1997,9.94
dnk,1998,10.0
dnk,1999,10.0
dnk,2000,9.8
dnk,2001,9.5
dnk,2002,9.5
dnk,2003,9.5
dnk,2004,9.5
dnk,2005,9.5
dnk,2006,9.5
dnk,2007,9.4
dnk,2008,9.3
dnk,2009,9.3
dnk,2010,9.3
dnk,2011,9.39208
dnk,2012,90.0
dnk,2013,91.0
dnk,2014,92.0
dnk,2015,91.0
dnk,2016,90.0
dnk,2017,88.0
dom,2001,3.1
dom,2002,3.5
dom,2003,3.3
dom,2004,2.9
dom,2005,3.0
dom,2006,2.8
dom,2007,3.0
dom,2008,3.0
dom,2009,3.0
dom,2010,3
dom,2011,2.589769
dom,2012,32.0
dom,2013,29.0
dom,2014,32.0
dom,2015,33.0
dom,2016,31.0
dom,2017,29.0
dza,2003,2.6
dza,2004,2.7
dza,2005,2.8
dza,2006,3.1
dza,2007,3.0
dza,2008,3.2
dza,2009,2.8
dza,2010,2.9
dza,2011,2.904377
dza,2012,34.0
dza,2013,36.0
dza,2014,36.0
dza,2015,36.0
dza,2016,34.0
dza,2017,33.0
ecu,1996,3.19
ecu,1998,2.3
ecu,1999,2.4
ecu,2000,2.6
ecu,2001,2.3
ecu,2002,2.2
ecu,2003,2.2
ecu,2004,2.4
ecu,2005,2.5
ecu,2006,2.3
ecu,2007,2.1
ecu,2008,2.0
ecu,2009,2.2
ecu,2010,2.5
ecu,2011,2.650216
ecu,2012,32.0
ecu,2013,35.0
ecu,2014,33.0
ecu,2015,32.0
ecu,2016,31.0
ecu,2017,32.0
egy,1996,2.84
egy,1998,2.9
egy,1999,3.3
egy,2000,3.1
egy,2001,3.6
egy,2002,3.4
egy,2003,3.3
egy,2004,3.2
egy,2005,3.4
egy,2006,3.3
egy,2007,2.9
egy,2008,2.8
egy,2009,2.8
egy,2010,3.1
egy,2011,2.862187
egy,2012,32.0
egy,2013,32.0
egy,2014,37.0
egy,2015,36.0
egy,2016,34.0
egy,2017,32.0
eri,2004,2.6
eri,2005,2.6
eri,2006,2.9
eri,2007,2.8
eri,2008,2.6
eri,2009,2.6
eri,2010,2.6
eri,2011,2.475597
eri,2012,25.0
eri,2013,20.0
eri,2014,18.0
eri,2015,18.0
eri,2016,18.0
eri,2017,20.0
esp,1995,4.35
esp,1996,4.31
esp,1997,5.9
esp,1998,6.1
esp,1999,6.6
esp,2000,7.0
esp,2001,7.0
esp,2002,7.1
esp,2003,6.9
esp,2004,7.1
esp,2005,7.0
esp,2006,6.8
esp,2007,6.7
esp,2008,6.5
esp,2009,6.1
esp,2010,6.1
esp,2011,6.2296
esp,2012,65.0
esp,2013,59.0
esp,2014,60.0
esp,2015,58.0
esp,2016,58.0
esp,2017,57.0
est,1998,5.7
est,1999,5.7
est,2000,5.7
est,2001,5.6
est,2002,5.6
est,2003,5.5
est,2004,6.0
est,2005,6.4
est,2006,6.7
est,2007,6.5
est,2008,6.6
est,2009,6.6
est,2010,6.5
est,2011,6.353611
est,2012,64.0
est,2013,68.0
est,2014,69.0
est,2015,70.0
est,2016,70.0
est,2017,71.0
eth,2000,3.2
eth,2002,3.5
eth,2003,2.5
eth,2004,2.3
eth,2005,2.2
eth,2006,2.4
eth,2007,2.4
eth,2008,2.6
eth,2009,2.7
eth,2010,2.7
eth,2011,2.690912
eth,2012,33.0
eth,2013,33.0
eth,2014,33.0
eth,2015,33.0
eth,2016,34.0
eth,2017,35.0
fin,1995,9.12
fin,1996,9.05
fin,1997,9.48
fin,1998,9.6
fin,1999,9.8
fin,2000,10.0
fin,2001,9.9
fin,2002,9.7
fin,2003,9.7
fin,2004,9.7
fin,2005,9.6
fin,2006,9.6
fin,2007,9.4
fin,2008,9.0
fin,2009,8.9
fin,2010,9.2
fin,2011,9.403927
fin,2012,90.0
fin,2013,89.0
fin,2014,89.0
fin,2015,90.0
fin,2016,89.0
fin,2017,85.0
fji,2005,4.0
fra,1995,7.0
fra,1996,6.96
fra,1997,6.66
fra,1998,6.7
fra,1999,6.6
fra,2000,6.7
fra,2001,6.7
fra,2002,6.3
fra,2003,6.9
fra,2004,7.1
fra,2005,7.5
fra,2006,7.4
fra,2007,7.3
fra,2008,6.9
fra,2009,6.9
fra,2010,6.8
fra,2011,7.005064
fra,2012,71.0
fra,2013,71.0
fra,2014,69.0
fra,2015,70.0
fra,2016,69.0
fra,2017,70.0
gab,2004,3.3
gab,2005,2.9
gab,2006,3.0
gab,2007,3.3
gab,2008,3.1
gab,2009,2.9
gab,2010,2.8
gab,2011,2.983002
gab,2012,35.0
gab,2013,34.0
gab,2014,37.0
gab,2015,34.0
gab,2016,35.0
gab,2017,32.0
gbr,1995,8.57
gbr,1996,8.44
gbr,1997,8.22
gbr,1998,8.7
gbr,1999,8.6
gbr,2000,8.7
gbr,2001,8.3
gbr,2002,8.7
gbr,2003,8.7
gbr,2004,8.6
gbr,2005,8.6
gbr,2006,8.6
gbr,2007,8.4
gbr,2008,7.7
gbr,2009,7.7
gbr,2010,7.6
gbr,2011,7.775084
gbr,2012,74.0
gbr,2013,76.0
gbr,2014,78.0
gbr,2015,81.0
gbr,2016,81.0
gbr,2017,82.0
geo,1999,2.3
geo,2002,2.4
geo,2003,1.8
geo,2004,2.0
geo,2005,2.3
geo,2006,2.8
geo,2007,3.4
geo,2008,3.9
geo,2009,4.1
geo,2010,3.8
geo,2011,4.132969
geo,2012,52.0
geo,2013,49.0
geo,2014,52.0
geo,2015,52.0
geo,2016,57.0
geo,2017,56.0
gha,1998,3.3
gha,1999,3.3
gha,2000,3.5
gha,2001,3.4
gha,2002,3.9
gha,2003,3.3
gha,2004,3.6
gha,2005,3.5
gha,2006,3.3
gha,2007,3.7
gha,2008,3.9
gha,2009,3.9
gha,2010,4.1
gha,2011,3.85076
gha,2012,45.0
gha,2013,46.0
gha,2014,48.0
gha,2015,47.0
gha,2016,43.0
gha,2017,40.0
gin,2006,1.9
gin,2007,1.9
gin,2008,1.6
gin,2009,1.8
gin,2010,2
gin,2011,2.110293
gin,2012,24.0
gin,2013,24.0
gin,2014,25.0
gin,2015,25.0
gin,2016,27.0
gin,2017,27.0
gmb,2003,2.5
gmb,2004,2.8
gmb,2005,2.7
gmb,2006,2.5
gmb,2007,2.3
gmb,2008,1.9
gmb,2009,2.9
gmb,2010,3.2
gmb,2011,3.511906
gmb,2012,34.0
gmb,2013,28.0
gmb,2014,29.0
gmb,2015,28.0
gmb,2016,26.0
gmb,2017,30.0
gnb,2007,2.2
gnb,2008,1.9
gnb,2009,1.9
gnb,2010,2.1
gnb,2011,2.201865
gnb,2012,25.0
gnb,2013,19.0
gnb,2014,19.0
gnb,2015,17.0
gnb,2016,16.0
gnb,2017,17.0
gnq,2005,1.9
gnq,2006,2.1
gnq,2007,1.9
gnq,2008,1.7
gnq,2009,1.8
gnq,2010,1.9
gnq,2011,1.912177
gnq,2012,20.0
gnq,2013,19.0
gnq,2017,17.0
grc,1995,4.04
grc,1996,5.01
grc,1997,5.35
grc,1998,4.9
grc,1999,4.9
grc,2000,4.9
grc,2001,4.2
grc,2002,4.2
grc,2003,4.3
grc,2004,4.3
grc,2005,4.3
grc,2006,4.4
grc,2007,4.6
grc,2008,4.7
grc,2009,3.8
grc,2010,3.5
grc,2011,3.388967
grc,2012,36.0
grc,2013,40.0
grc,2014,43.0
grc,2015,46.0
grc,2016,44.0
grc,2017,48.0
grd,2006,3.5
grd,2007,3.4
grd,2016,56.0
grd,2017,52.0
gtm,1998,3.1
gtm,1999,3.2
gtm,2001,2.9
gtm,2002,2.5
gtm,2003,2.4
gtm,2004,2.2
gtm,2005,2.5
gtm,2006,2.6
gtm,2007,2.8
gtm,2008,3.1
gtm,2009,3.4
gtm,2010,3.2
gtm,2011,2.727781
gtm,2012,33.0
gtm,2013,29.0
gtm,2014,32.0
gtm,2015,28.0
gtm,2016,28.0
gtm,2017,28.0
guy,2005,2.5
guy,2006,2.5
guy,2007,2.6
guy,2008,2.6
guy,2009,2.6
guy,2010,2.7
guy,2011,2.487627
guy,2012,28.0
guy,2013,27.0
guy,2014,30.0
guy,2015,29.0
guy,2016,34.0
guy,2017,38.0
hkg,1995,7.12
hkg,1996,7.01
hkg,1997,7.28
hkg,1998,7.8
hkg,1999,7.7
hkg,2000,7.7
hkg,2001,7.9
hkg,2002,8.2
hkg,2003,8.0
hkg,2004,8.0
hkg,2005,8.3
hkg,2006,8.3
hkg,2007,8.3
hkg,2008,8.1
hkg,2009,8.2
hkg,2010,8.4
hkg,2011,8.389815
hkg,2012,77.0
hkg,2013,75.0
hkg,2014,74.0
hkg,2015,75.0
hkg,2016,77.0
hkg,2017,77.0
hnd,1998,1.7
hnd,1999,1.8
hnd,2001,2.7
hnd,2002,2.7
hnd,2003,2.3
hnd,2004,2.3
hnd,2005,2.6
hnd,2006,2.5
hnd,2007,2.5
hnd,2008,2.6
hnd,2009,2.5
hnd,2010,2.4
hnd,2011,2.591903
hnd,2012,28.0
hnd,2013,26.0
hnd,2014,29.0
hnd,2015,31.0
hnd,2016,30.0
hnd,2017,29.0
hrv,1999,2.7
hrv,2000,3.7
hrv,2001,3.9
hrv,2002,3.8
hrv,2003,3.7
hrv,2004,3.5
hrv,2005,3.4
hrv,2006,3.4
hrv,2007,4.1
hrv,2008,4.4
hrv,2009,4.1
hrv,2010,4.1
hrv,2011,4.034245
hrv,2012,46.0
hrv,2013,48.0
hrv,2014,48.0
hrv,2015,51.0
hrv,2016,49.0
hrv,2017,49.0
hti,2002,2.2
hti,2003,1.5
hti,2004,1.5
hti,2005,1.8
hti,2006,1.8
hti,2007,1.6
hti,2008,1.4
hti,2009,1.8
hti,2010,2.2
hti,2011,1.799883
hti,2012,19.0
hti,2013,19.0
hti,2014,19.0
hti,2015,17.0
hti,2016,20.0
hti,2017,22.0
hun,1995,4.12
hun,1996,4.86
hun,1997,5.18
hun,1998,5.0
hun,1999,5.2
hun,2000,5.2
hun,2001,5.3
hun,2002,4.9
hun,2003,4.8
hun,2004,4.8
hun,2005,5.0
hun,2006,5.2
hun,2007,5.3
hun,2008,5.1
hun,2009,5.1
hun,2010,4.7
hun,2011,4.555448
hun,2012,55.0
hun,2013,54.0
hun,2014,54.0
hun,2015,51.0
hun,2016,48.0
hun,2017,45.0
idn,1995,1.94
idn,1996,2.65
idn,1997,2.72
idn,1998,2.0
idn,1999,1.7
idn,2000,1.7
idn,2001,1.9
idn,2002,1.9
idn,2003,1.9
idn,2004,2.0
idn,2005,2.2
idn,2006,2.4
idn,2007,2.3
idn,2008,2.6
idn,2009,2.8
idn,2010,2.8
idn,2011,3.02781
idn,2012,32.0
idn,2013,32.0
idn,2014,34.0
idn,2015,36.0
idn,2016,37.0
idn,2017,37.0
ind,1995,2.78
ind,1996,2.63
ind,1997,2.75
ind,1998,2.9
ind,1999,2.9
ind,2000,2.8
ind,2001,2.7
ind,2002,2.7
ind,2003,2.8
ind,2004,2.8
ind,2005,2.9
ind,2006,3.3
ind,2007,3.5
ind,2008,3.4
ind,2009,3.4
ind,2010,3.3
ind,2011,3.099087
ind,2012,36.0
ind,2013,36.0
ind,2014,38.0
ind,2015,38.0
ind,2016,40.0
ind,2017,40.0
irl,1995,8.57
irl,1996,8.45
irl,1997,8.28
irl,1998,8.2
irl,1999,7.7
irl,2000,7.2
irl,2001,7.5
irl,2002,6.9
irl,2003,7.5
irl,2004,7.5
irl,2005,7.4
irl,2006,7.4
irl,2007,7.5
irl,2008,7.7
irl,2009,8.0
irl,2010,8
irl,2011,7.536039
irl,2012,69.0
irl,2013,72.0
irl,2014,74.0
irl,2015,75.0
irl,2016,73.0
irl,2017,74.0
irn,2003,3.0
irn,2004,2.9
irn,2005,2.9
irn,2006,2.7
irn,2007,2.5
irn,2008,2.3
irn,2009,1.8
irn,2010,2.2
irn,2011,2.720371
irn,2012,28.0
irn,2013,25.0
irn,2014,27.0
irn,2015,27.0
irn,2016,29.0
irn,2017,30.0
irq,2003,2.2
irq,2004,2.1
irq,2005,2.2
irq,2006,1.9
irq,2007,1.5
irq,2008,1.3
irq,2009,1.5
irq,2010,1.5
irq,2011,1.804128
irq,2012,18.0
irq,2013,16.0
irq,2014,16.0
irq,2015,16.0
irq,2016,17.0
irq,2017,18.0
isl,1998,9.3
isl,1999,9.2
isl,2000,9.1
isl,2001,9.2
isl,2002,9.4
isl,2003,9.6
isl,2004,9.5
isl,2005,9.7
isl,2006,9.6
isl,2007,9.2
isl,2008,8.9
isl,2009,8.7
isl,2010,8.5
isl,2011,8.274027
isl,2012,82.0
isl,2013,78.0
isl,2014,79.0
isl,2015,79.0
isl,2016,78.0
isl,2017,77.0
isr,1996,7.71
isr,1997,7.97
isr,1998,7.1
isr,1999,6.8
isr,2000,6.6
isr,2001,7.6
isr,2002,7.3
isr,2003,7.0
isr,2004,6.4
isr,2005,6.3
isr,2006,5.9
isr,2007,6.1
isr,2008,6.0
isr,2009,6.1
isr,2010,6.1
isr,2011,5.80688
isr,2012,60.0
isr,2013,61.0
isr,2014,60.0
isr,2015,61.0
isr,2016,64.0
isr,2017,62.0
ita,1995,2.99
ita,1996,3.42
ita,1997,5.03
ita,1998,4.6
ita,1999,4.7
ita,2000,4.6
ita,2001,5.5
ita,2002,5.2
ita,2003,5.3
ita,2004,4.8
ita,2005,5.0
ita,2006,4.9
ita,2007,5.2
ita,2008,4.8
ita,2009,4.3
ita,2010,3.9
ita,2011,3.906913
ita,2012,42.0
ita,2013,43.0
ita,2014,43.0
ita,2015,44.0
ita,2016,47.0
ita,2017,50.0
jam,1998,3.8
jam,1999,3.8
jam,2002,4.0
jam,2003,3.8
jam,2004,3.3
jam,2005,3.6
jam,2006,3.7
jam,2007,3.3
jam,2008,3.1
jam,2009,3.0
jam,2010,3.3
jam,2011,3.341237
jam,2012,38.0
jam,2013,38.0
jam,2014,38.0
jam,2015,41.0
jam,2016,39.0
jam,2017,44.0
jor,1996,4.89
jor,1998,4.7
jor,1999,4.4
jor,2000,4.6
jor,2001,4.9
jor,2002,4.5
jor,2003,4.6
jor,2004,5.3
jor,2005,5.7
jor,2006,5.3
jor,2007,4.7
jor,2008,5.1
jor,2009,5.0
jor,2010,4.7
jor,2011,4.485752
jor,2012,48.0
jor,2013,45.0
jor,2014,49.0
jor,2015,53.0
jor,2016,48.0
jor,2017,48.0
jpn,1995,6.72
jpn,1996,7.05
jpn,1997,6.57
jpn,1998,5.8
jpn,1999,6.0
jpn,2000,6.4
jpn,2001,7.1
jpn,2002,7.1
jpn,2003,7.0
jpn,2004,6.9
jpn,2005,7.3
jpn,2006,7.6
jpn,2007,7.5
jpn,2008,7.3
jpn,2009,7.7
jpn,2010,7.8
jpn,2011,8.0409
jpn,2012,74.0
jpn,2013,74.0
jpn,2014,76.0
jpn,2015,75.0
jpn,2016,72.0
jpn,2017,73.0
kaz,1999,2.3
kaz,2000,3.0
kaz,2001,2.7
kaz,2002,2.3
kaz,2003,2.4
kaz,2004,2.2
kaz,2005,2.6
kaz,2006,2.6
kaz,2007,2.1
kaz,2008,2.2
kaz,2009,2.7
kaz,2010,2.9
kaz,2011,2.693975
kaz,2012,28.0
kaz,2013,26.0
kaz,2014,29.0
kaz,2015,28.0
kaz,2016,29.0
kaz,2017,31.0
ken,1996,2.21
ken,1998,2.5
ken,1999,2.0
ken,2000,2.1
ken,2001,2.0
ken,2002,1.9
ken,2003,1.9
ken,2004,2.1
ken,2005,2.1
ken,2006,2.2
ken,2007,2.1
ken,2008,2.1
ken,2009,2.2
ken,2010,2.1
ken,2011,2.24349
ken,2012,27.0
ken,2013,27.0
ken,2014,25.0
ken,2015,25.0
ken,2016,26.0
ken,2017,28.0
kgz,1999,2.2
kgz,2003,2.1
kgz,2004,2.2
kgz,2005,2.3
kgz,2006,2.2
kgz,2007,2.1
kgz,2008,1.8
kgz,2009,1.9
kgz,2010,2
kgz,2011,2.119878
kgz,2012,24.0
kgz,2013,24.0
kgz,2014,27.0
kgz,2015,28.0
kgz,2016,28.0
kgz,2017,29.0
khm,2005,2.3
khm,2006,2.1
khm,2007,2.0
khm,2008,1.8
khm,2009,2.0
khm,2010,2.1
khm,2011,2.110559
khm,2012,22.0
khm,2013,20.0
khm,2014,21.0
khm,2015,21.0
khm,2016,21.0
khm,2017,21.0
kir,2007,3.3
kir,2008,3.1
kir,2009,2.8
kir,2010,3.2
kir,2011,3.080074
kor,1995,4.29
kor,1996,5.02
kor,1997,4.29
kor,1998,4.2
kor,1999,3.8
kor,2000,4.0
kor,2001,4.2
kor,2002,4.5
kor,2003,4.3
kor,2004,4.5
kor,2005,5.0
kor,2006,5.1
kor,2007,5.1
kor,2008,5.6
kor,2009,5.5
kor,2010,5.4
kor,2011,5.356394
kor,2012,56.0
kor,2013,55.0
kor,2014,55.0
kor,2015,54.0
kor,2016,53.0
kor,2017,54.0
ksv,2010,2.8
ksv,2011,2.851413
ksv,2012,34.0
ksv,2013,33.0
ksv,2014,33.0
ksv,2015,33.0
ksv,2016,36.0
ksv,2017,39.0
kwt,2003,5.3
kwt,2004,4.6
kwt,2005,4.7
kwt,2006,4.8
kwt,2007,4.3
kwt,2008,4.3
kwt,2009,4.1
kwt,2010,4.5
kwt,2011,4.616031
kwt,2012,44.0
kwt,2013,43.0
kwt,2014,44.0
kwt,2015,49.0
kwt,2016,41.0
kwt,2017,39.0
lao,2005,3.3
lao,2006,2.6
lao,2007,1.9
lao,2008,2.0
lao,2009,2.0
lao,2010,2.1
lao,2011,2.213967
lao,2012,21.0
lao,2013,26.0
lao,2014,25.0
lao,2015,25.0
lao,2016,30.0
lao,2017,29.0
lbn,2003,3.0
lbn,2004,2.7
lbn,2005,3.1
lbn,2006,3.6
lbn,2007,3.0
lbn,2008,3.0
lbn,2009,2.5
lbn,2010,2.5
lbn,2011,2.486844
lbn,2012,30.0
lbn,2013,28.0
lbn,2014,27.0
lbn,2015,28.0
lbn,2016,28.0
lbn,2017,28.0
lbr,2005,2.2
lbr,2007,2.1
lbr,2008,2.4
lbr,2009,3.1
lbr,2010,3.3
lbr,2011,3.188795
lbr,2012,41.0
lbr,2013,38.0
lbr,2014,37.0
lbr,2015,37.0
lbr,2016,37.0
lbr,2017,31.0
lby,2003,2.1
lby,2004,2.5
lby,2005,2.5
lby,2006,2.7
lby,2007,2.5
lby,2008,2.6
lby,2009,2.5
lby,2010,2.2
lby,2011,2.01449
lby,2012,21.0
lby,2013,15.0
lby,2014,18.0
lby,2015,16.0
lby,2016,14.0
lby,2017,17.0
lca,2007,6.8
lca,2008,7.1
lca,2009,7.0
lca,2011,7.018194
lca,2012,71.0
lca,2013,71.0
lca,2014,71.0
lca,2016,60.0
lca,2017,55.0
lka,2002,3.7
lka,2003,3.4
lka,2004,3.5
lka,2005,3.2
lka,2006,3.1
lka,2007,3.2
lka,2008,3.2
lka,2009,3.1
lka,2010,3.2
lka,2011,3.295176
lka,2012,40.0
lka,2013,37.0
lka,2014,38.0
lka,2015,37.0
lka,2016,36.0
lka,2017,38.0
lso,2005,3.4
lso,2006,3.2
lso,2007,3.3
lso,2008,3.2
lso,2009,3.3
lso,2010,3.5
lso,2011,3.516105
lso,2012,45.0
lso,2013,49.0
lso,2014,49.0
lso,2015,44.0
lso,2016,39.0
lso,2017,42.0
ltu,1999,3.8
ltu,2000,4.1
ltu,2001,4.8
ltu,2002,4.8
ltu,2003,4.7
ltu,2004,4.6
ltu,2005,4.8
ltu,2006,4.8
ltu,2007,4.8
ltu,2008,4.6
ltu,2009,4.9
ltu,2010,5
ltu,2011,4.751965
ltu,2012,54.0
ltu,2013,57.0
ltu,2014,58.0
ltu,2015,59.0
ltu,2016,59.0
ltu,2017,59.0
lux,1997,8.61
lux,1998,8.7
lux,1999,8.8
lux,2000,8.6
lux,2001,8.7
lux,2002,9.0
lux,2003,8.7
lux,2004,8.4
lux,2005,8.5
lux,2006,8.6
lux,2007,8.4
lux,2008,8.3
lux,2009,8.2
lux,2010,8.5
lux,2011,8.50703
lux,2012,80.0
lux,2013,80.0
lux,2014,82.0
lux,2015,85.0
lux,2016,81.0
lux,2017,82.0
lva,1998,2.7
lva,1999,3.4
lva,2000,3.4
lva,2001,3.4
lva,2002,3.7
lva,2003,3.8
lva,2004,4.0
lva,2005,4.2
lva,2006,4.7
lva,2007,4.8
lva,2008,5.0
lva,2009,4.5
lva,2010,4.3
lva,2011,4.1943
lva,2012,49.0
lva,2013,53.0
lva,2014,55.0
lva,2015,56.0
lva,2016,57.0
lva,2017,58.0
mac,2006,6.6
mac,2007,5.7
mac,2008,5.4
mac,2009,5.3
mac,2010,5
mac,2011,5.110873
mar,1998,3.7
mar,1999,4.1
mar,2000,4.7
mar,2002,3.7
mar,2003,3.3
mar,2004,3.2
mar,2005,3.2
mar,2006,3.2
mar,2007,3.5
mar,2008,3.5
mar,2009,3.3
mar,2010,3.4
mar,2011,3.443408
mar,2012,37.0
mar,2013,37.0
mar,2014,39.0
mar,2015,36.0
mar,2016,37.0
mar,2017,40.0
mda,1999,2.6
mda,2000,2.6
mda,2001,3.1
mda,2002,2.1
mda,2003,2.4
mda,2004,2.3
mda,2005,2.9
mda,2006,3.2
mda,2007,2.8
mda,2008,2.9
mda,2009,3.3
mda,2010,2.9
mda,2011,2.878946
mda,2012,36.0
mda,2013,35.0
mda,2014,35.0
mda,2015,33.0
mda,2016,30.0
mda,2017,31.0
mdg,2002,1.7
mdg,2003,2.6
mdg,2004,3.1
mdg,2005,2.8
mdg,2006,3.1
mdg,2007,3.2
mdg,2008,3.4
mdg,2009,3.0
mdg,2010,2.6
mdg,2011,3.040804
mdg,2012,32.0
mdg,2013,28.0
mdg,2014,28.0
mdg,2015,28.0
mdg,2016,26.0
mdg,2017,24.0
mdv,2007,3.3
mdv,2008,2.8
mdv,2009,2.5
mdv,2010,2.3
mdv,2011,2.470782
mdv,2016,36.0
mdv,2017,33.0
mex,1995,3.18
mex,1996,3.3
mex,1997,2.66
mex,1998,3.3
mex,1999,3.4
mex,2000,3.3
mex,2001,3.7
mex,2002,3.6
mex,2003,3.6
mex,2004,3.6
mex,2005,3.5
mex,2006,3.3
mex,2007,3.5
mex,2008,3.6
mex,2009,3.3
mex,2010,3.1
mex,2011,2.970855
mex,2012,34.0
mex,2013,34.0
mex,2014,35.0
mex,2015,31.0
mex,2016,30.0
mex,2017,29.0
mkd,1999,3.3
mkd,2003,2.3
mkd,2004,2.7
mkd,2005,2.7
mkd,2006,2.7
mkd,2007,3.3
mkd,2008,3.6
mkd,2009,3.8
mkd,2010,4.1
mkd,2011,3.942666
mkd,2012,43.0
mkd,2013,44.0
mkd,2014,45.0
mkd,2015,42.0
mkd,2016,37.0
mkd,2017,35.0
mli,2003,3.0
mli,2004,3.2
mli,2005,2.9
mli,2006,2.8
mli,2007,2.7
mli,2008,3.1
mli,2009,2.8
mli,2010,2.7
mli,2011,2.758701
mli,2012,34.0
mli,2013,28.0
mli,2014,32.0
mli,2015,35.0
mli,2016,32.0
mli,2017,31.0
mlt,2004,6.8
mlt,2005,6.6
mlt,2006,6.4
mlt,2007,5.8
mlt,2008,5.8
mlt,2009,5.2
mlt,2010,5.6
mlt,2011,5.592464
mlt,2012,57.0
mlt,2013,56.0
mlt,2014,55.0
mlt,2015,60.0
mlt,2016,55.0
mlt,2017,56.0
mmr,2003,1.6
mmr,2004,1.7
mmr,2005,1.8
mmr,2006,1.9
mmr,2007,1.4
mmr,2008,1.3
mmr,2009,1.4
mmr,2010,1.4
mmr,2011,1.490296
mmr,2012,15.0
mmr,2013,21.0
mmr,2014,21.0
mmr,2015,22.0
mmr,2016,28.0
mmr,2017,30.0
mne,2007,3.3
mne,2008,3.4
mne,2009,3.9
mne,2010,3.7
mne,2011,3.969978
mne,2012,41.0
mne,2013,44.0
mne,2014,42.0
mne,2015,44.0
mne,2016,45.0
mne,2017,46.0
mng,1999,4.3
mng,2004,3.0
mng,2005,3.0
mng,2006,2.8
mng,2007,3.0
mng,2008,3.0
mng,2009,2.7
mng,2010,2.7
mng,2011,2.676712
mng,2012,36.0
mng,2013,38.0
mng,2014,39.0
mng,2015,39.0
mng,2016,38.0
mng,2017,36.0
moz,1999,3.5
moz,2000,2.2
moz,2003,2.7
moz,2004,2.8
moz,2005,2.8
moz,2006,2.8
moz,2007,2.8
moz,2008,2.6
moz,2009,2.5
moz,2010,2.7
moz,2011,2.687722
moz,2012,31.0
moz,2013,30.0
moz,2014,31.0
moz,2015,31.0
moz,2016,27.0
moz,2017,25.0
mrt,2006,3.1
mrt,2007,2.6
mrt,2008,2.8
mrt,2009,2.5
mrt,2010,2.3
mrt,2011,2.427348
mrt,2012,31.0
mrt,2013,30.0
mrt,2014,30.0
mrt,2015,31.0
mrt,2016,27.0
mrt,2017,28.0
mus,1998,5.0
mus,1999,4.9
mus,2000,4.7
mus,2001,4.5
mus,2002,4.5
mus,2003,4.4
mus,2004,4.1
mus,2005,4.2
mus,2006,5.1
mus,2007,4.7
mus,2008,5.5
mus,2009,5.4
mus,2010,5.4
mus,2011,5.067148
mus,2012,57.0
mus,2013,52.0
mus,2014,54.0
mus,2015,53.0
mus,2016,54.0
mus,2017,50.0
mwi,1998,4.1
mwi,1999,4.1
mwi,2000,4.1
mwi,2001,3.2
mwi,2002,2.9
mwi,2003,2.8
mwi,2004,2.8
mwi,2005,2.8
mwi,2006,2.7
mwi,2007,2.7
mwi,2008,2.8
mwi,2009,3.3
mwi,2010,3.4
mwi,2011,3.002285
mwi,2012,37.0
mwi,2013,37.0
mwi,2014,33.0
mwi,2015,31.0
mwi,2016,31.0
mwi,2017,31.0
mys,1995,5.28
mys,1996,5.32
mys,1997,5.01
mys,1998,5.3
mys,1999,5.1
mys,2000,4.8
mys,2001,5.0
mys,2002,4.9
mys,2003,5.2
mys,2004,5.0
mys,2005,5.1
mys,2006,5.0
mys,2007,5.1
mys,2008,5.1
mys,2009,4.5
mys,2010,4.4
mys,2011,4.307416
mys,2012,49.0
mys,2013,50.0
mys,2014,52.0
mys,2015,50.0
mys,2016,49.0
mys,2017,47.0
nam,1998,5.3
nam,1999,5.3
nam,2000,5.4
nam,2001,5.4
nam,2002,5.7
nam,2003,4.7
nam,2004,4.1
nam,2005,4.3
nam,2006,4.1
nam,2007,4.5
nam,2008,4.5
nam,2009,4.5
nam,2010,4.4
nam,2011,4.42965
nam,2012,48.0
nam,2013,48.0
nam,2014,49.0
nam,2015,53.0
nam,2016,52.0
nam,2017,51.0
ner,2004,2.2
ner,2005,2.4
ner,2006,2.3
ner,2007,2.6
ner,2008,2.8
ner,2009,2.9
ner,2010,2.6
ner,2011,2.540459
ner,2012,33.0
ner,2013,34.0
ner,2014,35.0
ner,2015,34.0
ner,2016,35.0
ner,2017,33.0
nga,1996,0.69
nga,1997,1.76
nga,1998,1.9
nga,1999,1.6
nga,2000,1.2
nga,2001,1.0
nga,2002,1.6
nga,2003,1.4
nga,2004,1.6
nga,2005,1.9
nga,2006,2.2
nga,2007,2.2
nga,2008,2.7
nga,2009,2.5
nga,2010,2.4
nga,2011,2.449336
nga,2012,27.0
nga,2013,25.0
nga,2014,27.0
nga,2015,26.0
nga,2016,28.0
nga,2017,27.0
nic,1998,3.0
nic,1999,3.1
nic,2001,2.4
nic,2002,2.5
nic,2003,2.6
nic,2004,2.7
nic,2005,2.6
nic,2006,2.6
nic,2007,2.6
nic,2008,2.5
nic,2009,2.5
nic,2010,2.5
nic,2011,2.529546
nic,2012,29.0
nic,2013,28.0
nic,2014,28.0
nic,2015,27.0
nic,2016,26.0
nic,2017,26.0
nld,1995,8.69
nld,1996,8.71
nld,1997,9.03
nld,1998,9.0
nld,1999,9.0
nld,2000,8.9
nld,2001,8.8
nld,2002,9.0
nld,2003,8.9
nld,2004,8.7
nld,2005,8.6
nld,2006,8.7
nld,2007,9.0
nld,2008,8.9
nld,2009,8.9
nld,2010,8.8
nld,2011,8.894497
nld,2012,84.0
nld,2013,83.0
nld,2014,83.0
nld,2015,84.0
nld,2016,83.0
nld,2017,82.0
nor,1995,8.61
nor,1996,8.87
nor,1997,8.92
nor,1998,9.0
nor,1999,8.9
nor,2000,9.1
nor,2001,8.6
nor,2002,8.5
nor,2003,8.8
nor,2004,8.9
nor,2005,8.9
nor,2006,8.8
nor,2007,8.7
nor,2008,7.9
nor,2009,8.6
nor,2010,8.6
nor,2011,8.989854
nor,2012,85.0
nor,2013,86.0
nor,2014,86.0
nor,2015,88.0
nor,2016,85.0
nor,2017,85.0
npl,2004,2.8
npl,2005,2.5
npl,2006,2.5
npl,2007,2.5
npl,2008,2.7
npl,2009,2.3
npl,2010,2.2
npl,2011,2.211227
npl,2012,27.0
npl,2013,31.0
npl,2014,29.0
npl,2015,27.0
npl,2016,29.0
npl,2017,31.0
nzl,1995,9.55
nzl,1996,9.43
nzl,1997,9.23
nzl,1998,9.4
nzl,1999,9.4
nzl,2000,9.4
nzl,2001,9.4
nzl,2002,9.5
nzl,2003,9.5
nzl,2004,9.6
nzl,2005,9.6
nzl,2006,9.6
nzl,2007,9.4
nzl,2008,9.3
nzl,2009,9.4
nzl,2010,9.3
nzl,2011,9.462681
nzl,2012,90.0
nzl,2013,91.0
nzl,2014,91.0
nzl,2015,91.0
nzl,2016,90.0
nzl,2017,89.0
omn,2003,6.3
omn,2004,6.1
omn,2005,6.3
omn,2006,5.4
omn,2007,4.7
omn,2008,5.5
omn,2009,5.5
omn,2010,5.3
omn,2011,4.834576
omn,2012,47.0
omn,2013,47.0
omn,2014,45.0
omn,2015,45.0
omn,2016,45.0
omn,2017,44.0
pak,1995,2.25
pak,1996,1.0
pak,1997,2.53
pak,1998,2.7
pak,1999,2.2
pak,2001,2.3
pak,2002,2.6
pak,2003,2.5
pak,2004,2.1
pak,2005,2.1
pak,2006,2.2
pak,2007,2.4
pak,2008,2.5
pak,2009,2.4
pak,2010,2.3
pak,2011,2.467952
pak,2012,27.0
pak,2013,28.0
pak,2014,29.0
pak,2015,30.0
pak,2016,32.0
pak,2017,32.0
pan,2001,3.7
pan,2002,3.0
pan,2003,3.4
pan,2004,3.7
pan,2005,3.5
pan,2006,3.1
pan,2007,3.2
pan,2008,3.4
pan,2009,3.4
pan,2010,3.6
pan,2011,3.266199
pan,2012,38.0
pan,2013,35.0
pan,2014,37.0
pan,2015,39.0
pan,2016,38.0
pan,2017,37.0
per,1998,4.5
per,1999,4.5
per,2000,4.4
per,2001,4.1
per,2002,4.0
per,2003,3.7
per,2004,3.5
per,2005,3.5
per,2006,3.3
per,2007,3.5
per,2008,3.6
per,2009,3.7
per,2010,3.5
per,2011,3.385607
per,2012,38.0
per,2013,38.0
per,2014,38.0
per,2015,36.0
per,2016,35.0
per,2017,37.0
phl,1995,2.77
phl,1996,2.69
phl,1997,3.05
phl,1998,3.3
phl,1999,3.6
phl,2000,2.8
phl,2001,2.9
phl,2002,2.6
phl,2003,2.5
phl,2004,2.6
phl,2005,2.5
phl,2006,2.5
phl,2007,2.5
phl,2008,2.3
phl,2009,2.4
phl,2010,2.4
phl,2011,2.644299
phl,2012,34.0
phl,2013,36.0
phl,2014,38.0
phl,2015,35.0
phl,2016,35.0
phl,2017,34.0
png,2003,2.1
png,2004,2.6
png,2005,2.3
png,2006,2.4
png,2007,2.0
png,2008,2.0
png,2009,2.1
png,2010,2.1
png,2011,2.165489
png,2012,25.0
png,2013,25.0
png,2014,25.0
png,2015,25.0
png,2016,28.0
png,2017,29.0
pol,1996,5.57
pol,1997,5.08
pol,1998,4.6
pol,1999,4.2
pol,2000,4.1
pol,2001,4.1
pol,2002,4.0
pol,2003,3.6
pol,2004,3.5
pol,2005,3.4
pol,2006,3.7
pol,2007,4.2
pol,2008,4.6
pol,2009,5.0
pol,2010,5.3
pol,2011,5.482418
pol,2012,58.0
pol,2013,60.0
pol,2014,61.0
pol,2015,63.0
pol,2016,62.0
pol,2017,60.0
pri,2008,5.8
pri,2009,5.8
pri,2010,5.8
pri,2011,5.586649
pri,2012,63.0
pri,2013,62.0
pri,2014,63.0
prk,2011,1.009626
prk,2012,8.0
prk,2013,8.0
prk,2014,8.0
prk,2015,8.0
prk,2016,12.0
prk,2017,17.0
prt,1995,5.56
prt,1996,6.53
prt,1997,6.97
prt,1998,6.5
prt,1999,6.7
prt,2000,6.4
prt,2001,6.3
prt,2002,6.3
prt,2003,6.6
prt,2004,6.3
prt,2005,6.5
prt,2006,6.6
prt,2007,6.5
prt,2008,6.1
prt,2009,5.8
prt,2010,6
prt,2011,6.097609
prt,2012,63.0
prt,2013,62.0
prt,2014,63.0
prt,2015,64.0
prt,2016,62.0
prt,2017,63.0
pry,1998,1.5
pry,1999,2.0
pry,2002,1.7
pry,2003,1.6
pry,2004,1.9
pry,2005,2.1
pry,2006,2.6
pry,2007,2.4
pry,2008,2.4
pry,2009,2.1
pry,2010,2.2
pry,2011,2.217671
pry,2012,25.0
pry,2013,24.0
pry,2014,24.0
pry,2015,27.0
pry,2016,30.0
pry,2017,29.0
pse,2003,3.0
pse,2004,2.5
pse,2005,2.6
qat,2003,5.6
qat,2004,5.2
qat,2005,5.9
qat,2006,6.0
qat,2007,6.0
qat,2008,6.5
qat,2009,7.0
qat,2010,7.7
qat,2011,7.155269
qat,2012,68.0
qat,2013,68.0
qat,2014,69.0
qat,2015,71.0
qat,2016,61.0
qat,2017,63.0
rou,1997,3.44
rou,1998,3.0
rou,1999,3.3
rou,2000,2.9
rou,2001,2.8
rou,2002,2.6
rou,2003,2.8
rou,2004,2.9
rou,2005,3.0
rou,2006,3.1
rou,2007,3.7
rou,2008,3.8
rou,2009,3.8
rou,2010,3.7
rou,2011,3.612146
rou,2012,44.0
rou,2013,43.0
rou,2014,43.0
rou,2015,46.0
rou,2016,48.0
rou,2017,48.0
rus,1996,2.58
rus,1997,2.27
rus,1998,2.4
rus,1999,2.4
rus,2000,2.1
rus,2001,2.3
rus,2002,2.7
rus,2003,2.7
rus,2004,2.8
rus,2005,2.4
rus,2006,2.5
rus,2007,2.3
rus,2008,2.1
rus,2009,2.2
rus,2010,2.1
rus,2011,2.448757
rus,2012,28.0
rus,2013,28.0
rus,2014,27.0
rus,2015,29.0
rus,2016,29.0
rus,2017,29.0
rwa,2005,3.1
rwa,2006,2.5
rwa,2007,2.8
rwa,2008,3.0
rwa,2009,3.3
rwa,2010,4
rwa,2011,4.983419
rwa,2012,53.0
rwa,2013,53.0
rwa,2014,49.0
rwa,2015,54.0
rwa,2016,54.0
rwa,2017,55.0
sau,2003,4.5
sau,2004,3.4
sau,2005,3.4
sau,2006,3.3
sau,2007,3.4
sau,2008,3.5
sau,2009,4.3
sau,2010,4.7
sau,2011,4.386654
sau,2012,44.0
sau,2013,46.0
sau,2014,49.0
sau,2015,52.0
sau,2016,46.0
sau,2017,49.0
scg,2003,2.3
scg,2004,2.7
scg,2005,2.8
sdn,2003,2.3
sdn,2004,2.2
sdn,2005,2.1
sdn,2006,2.0
sdn,2007,1.8
sdn,2008,1.6
sdn,2009,1.5
sdn,2010,1.6
sdn,2011,1.563758
sdn,2012,13.0
sdn,2013,11.0
sdn,2014,11.0
sdn,2015,12.0
sdn,2016,14.0
sdn,2017,16.0
sen,1998,3.3
sen,1999,3.4
sen,2000,3.5
sen,2001,2.9
sen,2002,3.1
sen,2003,3.2
sen,2004,3.0
sen,2005,3.2
sen,2006,3.3
sen,2007,3.6
sen,2008,3.4
sen,2009,3.0
sen,2010,2.9
sen,2011,2.870529
sen,2012,36.0
sen,2013,41.0
sen,2014,43.0
sen,2015,44.0
sen,2016,45.0
sen,2017,45.0
sgp,1995,9.26
sgp,1996,8.8
sgp,1997,8.66
sgp,1998,9.1
sgp,1999,9.1
sgp,2000,9.1
sgp,2001,9.2
sgp,2002,9.3
sgp,2003,9.4
sgp,2004,9.3
sgp,2005,9.4
sgp,2006,9.4
sgp,2007,9.3
sgp,2008,9.2
sgp,2009,9.2
sgp,2010,9.3
sgp,2011,9.166839
sgp,2012,87.0
sgp,2013,86.0
sgp,2014,84.0
sgp,2015,85.0
sgp,2016,84.0
sgp,2017,84.0
slb,2007,2.8
slb,2008,2.9
slb,2009,2.8
slb,2010,2.8
slb,2011,2.706382
slb,2016,42.0
slb,2017,39.0
sle,2003,2.2
sle,2004,2.3
sle,2005,2.4
sle,2006,2.2
sle,2007,2.1
sle,2008,1.9
sle,2009,2.2
sle,2010,2.4
sle,2011,2.460909
sle,2012,31.0
sle,2013,30.0
sle,2014,31.0
sle,2015,29.0
sle,2016,30.0
sle,2017,30.0
slv,1998,3.6
slv,1999,3.9
slv,2000,4.1
slv,2001,3.6
slv,2002,3.4
slv,2003,3.7
slv,2004,4.2
slv,2005,4.2
slv,2006,4.0
slv,2007,4.0
slv,2008,3.9
slv,2009,3.4
slv,2010,3.6
slv,2011,3.424892
slv,2012,38.0
slv,2013,38.0
slv,2014,39.0
slv,2015,39.0
slv,2016,36.0
slv,2017,33.0
som,2005,2.1
som,2007,1.4
som,2008,1.0
som,2009,1.1
som,2010,1.1
som,2011,0.9834057
som,2012,8.0
som,2013,8.0
som,2014,8.0
som,2015,8.0
som,2016,10.0
som,2017,9.0
srb,2006,3.0
srb,2007,3.4
srb,2008,3.4
srb,2009,3.5
srb,2010,3.5
srb,2011,3.312795
srb,2012,39.0
srb,2013,42.0
srb,2014,41.0
srb,2015,40.0
srb,2016,42.0
srb,2017,41.0
ssd,2013,14.0
ssd,2014,15.0
ssd,2015,15.0
ssd,2016,11.0
ssd,2017,12.0
stp,2007,2.7
stp,2008,2.7
stp,2009,2.8
stp,2010,3
stp,2011,2.986329
stp,2012,42.0
stp,2013,42.0
stp,2014,42.0
stp,2015,42.0
stp,2016,46.0
stp,2017,46.0
sur,2004,4.3
sur,2005,3.2
sur,2006,3.0
sur,2007,3.5
sur,2008,3.6
sur,2009,3.7
sur,2011,3.0286
sur,2012,37.0
sur,2013,36.0
sur,2014,36.0
sur,2015,36.0
sur,2016,45.0
sur,2017,41.0
svk,1998,3.9
svk,1999,3.7
svk,2000,3.5
svk,2001,3.7
svk,2002,3.7
svk,2003,3.7
svk,2004,4.0
svk,2005,4.3
svk,2006,4.7
svk,2007,4.9
svk,2008,5.0
svk,2009,4.5
svk,2010,4.3
svk,2011,3.971617
svk,2012,46.0
svk,2013,47.0
svk,2014,50.0
svk,2015,51.0
svk,2016,51.0
svk,2017,50.0
svn,1999,6.0
svn,2000,5.5
svn,2001,5.2
svn,2002,6.0
svn,2003,5.9
svn,2004,6.0
svn,2005,6.1
svn,2006,6.4
svn,2007,6.6
svn,2008,6.7
svn,2009,6.6
svn,2010,6.4
svn,2011,5.870487
svn,2012,61.0
svn,2013,57.0
svn,2014,58.0
svn,2015,60.0
svn,2016,61.0
svn,2017,61.0
swe,1995,8.87
swe,1996,9.08
swe,1997,9.35
swe,1998,9.5
swe,1999,9.4
swe,2000,9.4
swe,2001,9.0
swe,2002,9.3
swe,2003,9.3
swe,2004,9.2
swe,2005,9.2
swe,2006,9.2
swe,2007,9.3
swe,2008,9.3
swe,2009,9.2
swe,2010,9.2
swe,2011,9.298488
swe,2012,88.0
swe,2013,89.0
swe,2014,87.0
swe,2015,89.0
swe,2016,88.0
swe,2017,84.0
swz,2005,2.7
swz,2006,2.5
swz,2007,3.3
swz,2008,3.6
swz,2009,3.6
swz,2010,3.2
swz,2011,3.081774
swz,2012,37.0
swz,2013,39.0
swz,2014,43.0
swz,2017,39.0
syc,2004,4.4
syc,2005,4.0
syc,2006,3.6
syc,2007,4.5
syc,2008,4.8
syc,2009,4.8
syc,2010,4.8
syc,2011,4.82171
syc,2012,52.0
syc,2013,54.0
syc,2014,55.0
syc,2015,55.0
syc,2017,60.0
syr,2003,3.4
syr,2004,3.4
syr,2005,3.4
syr,2006,2.9
syr,2007,2.4
syr,2008,2.1
syr,2009,2.6
syr,2010,2.5
syr,2011,2.557818
syr,2012,26.0
syr,2013,17.0
syr,2014,20.0
syr,2015,18.0
syr,2016,13.0
syr,2017,14.0
tcd,2004,1.7
tcd,2005,1.7
tcd,2006,2.0
tcd,2007,1.8
tcd,2008,1.6
tcd,2009,1.6
tcd,2010,1.7
tcd,2011,2.040463
tcd,2012,19.0
tcd,2013,19.0
tcd,2014,22.0
tcd,2015,22.0
tcd,2016,20.0
tcd,2017,20.0
tgo,2006,2.4
tgo,2007,2.3
tgo,2008,2.7
tgo,2009,2.8
tgo,2010,2.4
tgo,2011,2.382138
tgo,2012,30.0
tgo,2013,29.0
tgo,2014,29.0
tgo,2015,32.0
tgo,2016,32.0
tgo,2017,32.0
tha,1995,2.79
tha,1996,3.33
tha,1997,3.06
tha,1998,3.0
tha,1999,3.2
tha,2000,3.2
tha,2001,3.2
tha,2002,3.2
tha,2003,3.3
tha,2004,3.6
tha,2005,3.8
tha,2006,3.6
tha,2007,3.3
tha,2008,3.5
tha,2009,3.4
tha,2010,3.5
tha,2011,3.381004
tha,2012,37.0
tha,2013,35.0
tha,2014,38.0
tha,2015,38.0
tha,2016,35.0
tha,2017,37.0
tjk,2003,1.8
tjk,2004,2.0
tjk,2005,2.1
tjk,2006,2.2
tjk,2007,2.1
tjk,2008,2.0
tjk,2009,2.0
tjk,2010,2.1
tjk,2011,2.271689
tjk,2012,22.0
tjk,2013,22.0
tjk,2014,23.0
tjk,2015,26.0
tjk,2016,25.0
tjk,2017,21.0
tkm,2004,2.0
tkm,2005,1.8
tkm,2006,2.2
tkm,2007,2.0
tkm,2008,1.8
tkm,2009,1.8
tkm,2010,1.6
tkm,2011,1.603173
tkm,2012,17.0
tkm,2013,17.0
tkm,2014,17.0
tkm,2015,18.0
tkm,2016,22.0
tkm,2017,19.0
tls,2006,2.6
tls,2007,2.6
tls,2008,2.2
tls,2009,2.2
tls,2010,2.5
tls,2011,2.376135
tls,2012,33.0
tls,2013,30.0
tls,2014,28.0
tls,2015,28.0
tls,2016,35.0
tls,2017,38.0
ton,2007,1.7
ton,2008,2.4
ton,2009,3.0
ton,2010,3
ton,2011,3.139194
tto,2001,5.3
tto,2002,4.9
tto,2003,4.6
tto,2004,4.2
tto,2005,3.8
tto,2006,3.2
tto,2007,3.4
tto,2008,3.6
tto,2009,3.6
tto,2010,3.6
tto,2011,3.170273
tto,2012,39.0
tto,2013,38.0
tto,2014,38.0
tto,2015,39.0
tto,2016,35.0
tto,2017,41.0
tun,1998,5.0
tun,1999,5.0
tun,2000,5.2
tun,2001,5.3
tun,2002,4.8
tun,2003,4.9
tun,2004,5.0
tun,2005,4.9
tun,2006,4.6
tun,2007,4.2
tun,2008,4.4
tun,2009,4.2
tun,2010,4.3
tun,2011,3.759299
tun,2012,41.0
tun,2013,41.0
tun,2014,40.0
tun,2015,38.0
tun,2016,41.0
tun,2017,42.0
tur,1995,4.1
tur,1996,3.54
tur,1997,3.21
tur,1998,3.4
tur,1999,3.6
tur,2000,3.8
tur,2001,3.6
tur,2002,3.2
tur,2003,3.1
tur,2004,3.2
tur,2005,3.5
tur,2006,3.8
tur,2007,4.1
tur,2008,4.6
tur,2009,4.4
tur,2010,4.4
tur,2011,4.206861
tur,2012,49.0
tur,2013,50.0
tur,2014,45.0
tur,2015,42.0
tur,2016,41.0
tur,2017,40.0
twn,1995,5.08
twn,1996,4.98
twn,1997,5.02
twn,1998,5.3
twn,1999,5.6
twn,2000,5.5
twn,2001,5.9
twn,2002,5.6
twn,2003,5.7
twn,2004,5.6
twn,2005,5.9
twn,2006,5.9
twn,2007,5.7
twn,2008,5.7
twn,2009,5.6
twn,2010,5.8
twn,2011,6.136312
twn,2012,61.0
twn,2013,61.0
twn,2014,61.0
twn,2015,62.0
twn,2016,61.0
twn,2017,63.0
tza,1998,1.9
tza,1999,1.9
tza,2000,2.5
tza,2001,2.2
tza,2002,2.7
tza,2003,2.5
tza,2004,2.8
tza,2005,2.9
tza,2006,2.9
tza,2007,3.2
tza,2008,3.0
tza,2009,2.6
tza,2010,2.7
tza,2011,2.950526
tza,2012,35.0
tza,2013,33.0
tza,2014,31.0
tza,2015,30.0
tza,2016,32.0
tza,2017,36.0
uga,1996,2.71
uga,1998,2.6
uga,1999,2.2
uga,2000,2.3
uga,2001,1.9
uga,2002,2.1
uga,2003,2.2
uga,2004,2.6
uga,2005,2.5
uga,2006,2.7
uga,2007,2.8
uga,2008,2.6
uga,2009,2.5
uga,2010,2.5
uga,2011,2.433897
uga,2012,29.0
uga,2013,26.0
uga,2014,26.0
uga,2015,25.0
uga,2016,25.0
uga,2017,26.0
ukr,1998,2.8
ukr,1999,2.6
ukr,2000,1.5
ukr,2001,2.1
ukr,2002,2.4
ukr,2003,2.3
ukr,2004,2.2
ukr,2005,2.6
ukr,2006,2.8
ukr,2007,2.7
ukr,2008,2.5
ukr,2009,2.2
ukr,2010,2.4
ukr,2011,2.296875
ukr,2012,26.0
ukr,2013,25.0
ukr,2014,26.0
ukr,2015,27.0
ukr,2016,29.0
ukr,2017,30.0
ury,1997,4.14
ury,1998,4.3
ury,1999,4.4
ury,2001,5.1
ury,2002,5.1
ury,2003,5.5
ury,2004,6.2
ury,2005,5.9
ury,2006,6.4
ury,2007,6.7
ury,2008,6.9
ury,2009,6.7
ury,2010,6.9
ury,2011,7.04446
ury,2012,72.0
ury,2013,73.0
ury,2014,73.0
ury,2015,74.0
ury,2016,71.0
ury,2017,70.0
usa,1995,7.79
usa,1996,7.66
usa,1997,7.61
usa,1998,7.5
usa,1999,7.5
usa,2000,7.8
usa,2001,7.6
usa,2002,7.7
usa,2003,7.5
usa,2004,7.5
usa,2005,7.6
usa,2006,7.3
usa,2007,7.2
usa,2008,7.3
usa,2009,7.5
usa,2010,7.1
usa,2011,7.135683
usa,2012,73.0
usa,2013,73.0
usa,2014,74.0
usa,2015,76.0
usa,2016,74.0
usa,2017,75.0
uzb,1999,1.8
uzb,2000,2.4
uzb,2001,2.7
uzb,2002,2.9
uzb,2003,2.4
uzb,2004,2.3
uzb,2005,2.2
uzb,2006,2.1
uzb,2007,1.7
uzb,2008,1.8
uzb,2009,1.7
uzb,2010,1.6
uzb,2011,1.624563
uzb,2012,17.0
uzb,2013,17.0
uzb,2014,18.0
uzb,2015,19.0
uzb,2016,21.0
uzb,2017,22.0
vct,2007,6.1
vct,2008,6.5
vct,2009,6.4
vct,2011,5.761158
vct,2012,62.0
vct,2013,62.0
vct,2014,62.0
vct,2016,60.0
vct,2017,58.0
ven,1995,2.66
ven,1996,2.5
ven,1997,2.77
ven,1998,2.3
ven,1999,2.6
ven,2000,2.7
ven,2001,2.8
ven,2002,2.5
ven,2003,2.4
ven,2004,2.3
ven,2005,2.3
ven,2006,2.3
ven,2007,2.0
ven,2008,1.9
ven,2009,1.9
ven,2010,2
ven,2011,1.889497
ven,2012,19.0
ven,2013,20.0
ven,2014,19.0
ven,2015,17.0
ven,2016,17.0
ven,2017,18.0
vnm,1997,2.79
vnm,1998,2.5
vnm,1999,2.6
vnm,2000,2.5
vnm,2001,2.6
vnm,2002,2.4
vnm,2003,2.4
vnm,2004,2.6
vnm,2005,2.6
vnm,2006,2.6
vnm,2007,2.6
vnm,2008,2.7
vnm,2009,2.7
vnm,2010,2.7
vnm,2011,2.864383
vnm,2012,31.0
vnm,2013,31.0
vnm,2014,31.0
vnm,2015,31.0
vnm,2016,33.0
vnm,2017,35.0
vut,2007,3.1
vut,2008,2.9
vut,2009,3.2
vut,2010,3.6
vut,2011,3.529686
vut,2017,43.0
wsm,2007,4.5
wsm,2008,4.4
wsm,2009,4.5
wsm,2010,4.1
wsm,2011,3.879217
yem,2003,2.6
yem,2004,2.4
yem,2005,2.7
yem,2006,2.6
yem,2007,2.5
yem,2008,2.3
yem,2009,2.1
yem,2010,2.2
yem,2011,2.080347
yem,2012,23.0
yem,2013,18.0
yem,2014,19.0
yem,2015,18.0
yem,2016,14.0
yem,2017,16.0
yug,1998,3.0
yug,1999,2.0
yug,2000,1.3
zaf,1995,5.62
zaf,1996,5.68
zaf,1997,4.95
zaf,1998,5.2
zaf,1999,5.0
zaf,2000,5.0
zaf,2001,4.8
zaf,2002,4.8
zaf,2003,4.4
zaf,2004,4.6
zaf,2005,4.5
zaf,2006,4.6
zaf,2007,5.1
zaf,2008,4.9
zaf,2009,4.7
zaf,2010,4.5
zaf,2011,4.080277
zaf,2012,43.0
zaf,2013,42.0
zaf,2014,44.0
zaf,2015,44.0
zaf,2016,45.0
zaf,2017,43.0
zmb,1998,3.5
zmb,1999,3.5
zmb,2000,3.4
zmb,2001,2.6
zmb,2002,2.6
zmb,2003,2.5
zmb,2004,2.6
zmb,2005,2.6
zmb,2006,2.6
zmb,2007,2.6
zmb,2008,2.8
zmb,2009,3.0
zmb,2010,3
zmb,2011,3.195245
zmb,2012,37.0
zmb,2013,38.0
zmb,2014,38.0
zmb,2015,38.0
zmb,2016,38.0
zmb,2017,37.0
zwe,1998,4.2
zwe,1999,4.1
zwe,2000,3.0
zwe,2001,2.9
zwe,2002,2.7
zwe,2003,2.3
zwe,2004,2.3
zwe,2005,2.6
zwe,2006,2.4
zwe,2007,2.1
zwe,2008,1.8
zwe,2009,2.2
zwe,2010,2.4
zwe,2011,2.229767
zwe,2012,20.0
zwe,2013,21.0
zwe,2014,21.0
zwe,2015,21.0
zwe,2016,22.0
zwe,2017,22.0
